metric,macro_mean
precision,0.429732733657057
recall,0.624118928661381
specificity,0.534259603127598
f1,0.46374329377169166
accuracy,0.689471440750203
balanced_accuracy,0.5791892658944895
